{"Slow":{"male":0.26565656565656565,"female":0.7343434343434343},"Medium":{"male":0.31635428187628484,"female":0.6836457181237152},"Slowest":{"male":0.2757417102966841,"female":0.7242582897033158},"Fast":{"male":0.2647254163362411,"female":0.735274583663759}}