{"likes":{"Friday":29680,"changeOverPrevious":11213.288409703504,"Thursday":3357784,"Wednesday":766444,"Tuesday":1744966,"Monday":1483494,"Sunday":1223806,"Saturday":797283},"views":{"Friday":1198462,"changeOverPrevious":1269.4052043368918,"Thursday":16411801,"Wednesday":4485306,"Tuesday":8984752,"Monday":7947557,"Sunday":6677030,"Saturday":5120164},"comments":{"Friday":217,"changeOverPrevious":15382.94930875576,"Thursday":33598,"Wednesday":6642,"Tuesday":12876,"Monday":9945,"Sunday":11590,"Saturday":5692},"shares":{"Friday":2343,"changeOverPrevious":-89.24455825864277,"Thursday":252,"Wednesday":3154,"Tuesday":512,"Monday":867,"Sunday":0,"Saturday":2103}}