{"data":{"Barstool Sports":{"pacing":{"Fast":{"September":5.241340902330821,"August":1.1913375108832942,"July":0},"Medium":{"September":17.85612576180441,"August":9.1658797993795,"July":0},"Slow":{"September":16.22777872706676,"August":21.82391749543208,"July":0},"Slowest":{"September":60.67475460879801,"August":67.81886519430512,"July":0}}}},"platform":"facebook"}